question,expected_answer,flat_rag_answer,graphrag_answer,flat_rag_score,graphrag_score,notes
Who founded OpenAI and which company invested in it?,"Sam Altman, Elon Musk, Greg Brockman, Ilya Sutskever, Wojciech Zaremba, John Schulman founded OpenAI. Microsoft invested in OpenAI.","OpenAI was founded by Sam Altman, Elon Musk, Greg Brockman, Ilya Sutskever, Wojciech Zaremba, and John Schulman. Microsoft invested in OpenAI.","OpenAI was founded by Sam Altman, Elon Musk, Greg Brockman, Ilya Sutskever, Wojciech Zaremba, and John Schulman. Microsoft invested in OpenAI.",1.0,1.0,Tie
Which companies are connected to AI products and who founded them?,"OpenAI (Sam Altman, Elon Musk et al.), Google (Larry Page, Sergey Brin), NVIDIA (Jensen Huang et al.), Anthropic (Dario Amodei, Daniela Amodei).","The companies connected to AI products and their founders are:

1. **X.AI** - Founded by Elon Musk in 2023.
2. **NVIDIA** - Founded by Jensen Huang, Chris Malachowsky, and Curtis Priem in 1993.
3. **OpenAI** - Founded by Sam Altman, Elon Musk, Greg Brockman, Ilya Sutskever, Wojciech Zaremba, and John Schulman in 2015.",The information is not available.,0.0,0.0,Tie
What is the relationship between Microsoft and OpenAI?,Microsoft invested in OpenAI. Both work in artificial intelligence.,Microsoft has invested in OpenAI and develops products that utilize OpenAI's technology.,Microsoft has invested in OpenAI.,0.5,0.5,Tie
Which company founded by Larry Page is connected to Android?,"Google, founded by Larry Page and Sergey Brin, created Android.",The company founded by Larry Page that is connected to Android is Google.,The company founded by Larry Page that is connected to Android is Google.,0.5,0.5,Tie
Compare the founders and products of Google and OpenAI.,"Google was founded by Larry Page and Sergey Brin; products include Search, Gmail, Android. OpenAI was founded by Sam Altman, Elon Musk, etc.; products include GPT-4, ChatGPT.","Google was founded by Larry Page and Sergey Brin in 1998 and offers products such as Search, Gmail, Android, Google Cloud, and YouTube. OpenAI, founded by Sam Altman, Elon Musk, Greg Brockman, Ilya Sutskever, Wojciech Zaremba, and John Schulman in 2015, develops AI models like GPT-4 and ChatGPT. Google focuses on internet technology and artificial intelligence, while OpenAI specializes in AI development.","Google was founded by Larry Page and Sergey Brin in 1998. Its products include Search, Gmail, Android, Google Cloud, and YouTube. 

OpenAI was founded by Sam Altman, Elon Musk, Greg Brockman, Ilya Sutskever, Wojciech Zaremba, and John Schulman in 2015. Its products include GPT-4 and ChatGPT.

In summary:
- **Google**: Founders - Larry Page, Sergey Brin; Products - Search, Gmail, Android, Google Cloud, YouTube.
- **OpenAI**: Founders - Sam Altman, Elon Musk, Greg Brockman, Ilya Sutskever, Wojciech Zaremba, John Schulman; Products - GPT-4, ChatGPT.",1.0,1.0,Tie
Which companies did Elon Musk found?,"Elon Musk founded OpenAI, Tesla, SpaceX, and X.AI.",Elon Musk founded X.AI in 2023 and SpaceX in 2002. He was also a co-founder of OpenAI in 2015.,"Elon Musk founded OpenAI, Tesla, SpaceX, and X.AI.",1.0,1.0,Tie
What products did NVIDIA create and who are its partners?,"NVIDIA created GeForce, CUDA, A100, H100. NVIDIA partnered with Microsoft.","NVIDIA created products such as GeForce, CUDA, A100 GPU, and H100 GPU. Its partner is Microsoft on AI infrastructure.","NVIDIA created the following products: GeForce, CUDA, A100 GPU, and H100 GPU. Its partner is Microsoft.",1.0,1.0,Tie
Which companies compete with Google?,Microsoft competes with Google in cloud. Apple competes with Google in smartphones. Meta competes with Google in advertising.,"Google competes with Microsoft in cloud computing and with Meta in digital advertising. Additionally, Amazon competes with Google in cloud services.","The companies that compete with Google are Microsoft, Apple, Amazon, and Meta.",1.0,0.5,Flat RAG better - text context sufficient
Who invested in Anthropic?,Google and Amazon invested in Anthropic.,Google and Amazon invested in Anthropic.,Google and Amazon invested in Anthropic.,1.0,1.0,Tie
What companies are headquartered in San Francisco?,OpenAI and Anthropic are headquartered in San Francisco.,The companies headquartered in San Francisco are OpenAI and Anthropic.,The companies headquartered in San Francisco are OpenAI and Anthropic.,1.0,1.0,Tie
Which companies work in the field of artificial intelligence?,"OpenAI, Google, NVIDIA, IBM, Anthropic, X.AI work in artificial intelligence.",The companies that work in the field of artificial intelligence are X.AI and OpenAI. Google also works in this field.,"The companies that work in the field of artificial intelligence are OpenAI, Google, NVIDIA, IBM, and X.AI.",1.0,1.0,Tie
What did Microsoft acquire?,Microsoft acquired LinkedIn in 2016 and GitHub in 2018.,Microsoft acquired LinkedIn in 2016 and GitHub in 2018.,Microsoft acquired GitHub and LinkedIn.,1.0,1.0,Tie
Compare Amazon and Microsoft in cloud computing.,Amazon created AWS; Microsoft created Azure. Both compete in cloud services.,"Amazon and Microsoft are both major players in cloud computing, with Amazon offering AWS and Microsoft providing Azure. They compete with each other, as well as with Google, in the cloud services market. Amazon is headquartered in Seattle, while Microsoft is based in Redmond.","Amazon and Microsoft are both significant players in cloud computing. Amazon offers AWS (Amazon Web Services), while Microsoft provides Azure. Both companies compete with each other in this field, as well as with Google. Amazon was founded in 1994 by Jeff Bezos and is located in Seattle, while Microsoft was founded in 1975 by Bill Gates and Paul Allen and is located in Redmond.",1.0,0.5,Flat RAG better - text context sufficient
Who founded Tesla and what products does it make?,"Tesla was founded by Elon Musk, JB Straubel, Martin Eberhard, Marc Tarpenning, Ian Wright. Products: Model S, Model 3, Model X, Model Y, Autopilot.","Tesla was founded by Elon Musk, JB Straubel, Martin Eberhard, Marc Tarpenning, and Ian Wright. It makes products such as Model S, Model 3, Model X, Model Y, and Autopilot.","Tesla was founded by Elon Musk, JB Straubel, Martin Eberhard, Marc Tarpenning, and Ian Wright. The products it makes include the Model S, Model 3, Model X, Model Y, and Autopilot.",1.0,1.0,Tie
What is the relationship between Meta and Google?,Meta competes with Google in digital advertising.,Meta and Google are competitors in digital advertising.,Meta competes with Google.,0.5,0.5,Tie
Which companies compete in the smartphone market?,Apple and Samsung compete in the smartphone market.,Samsung and Apple compete in the smartphone market.,The information is not available.,1.0,0.0,Flat RAG better - text context sufficient
What products did Apple create?,"Apple created iPhone, iPad, Mac, Apple Watch, and iOS.","Apple created products such as iPhone, iPad, Mac, Apple Watch, and iOS.","Apple created the following products: iPhone, iPad, Mac, Apple Watch, and iOS.",1.0,1.0,Tie
Who founded IBM and what AI product did it create?,IBM was founded by Charles Ranlett Flint. IBM created Watson.,"IBM was founded by Charles Ranlett Flint in 1911, and it created the AI product Watson.","IBM was founded by Charles Ranlett Flint in 1911, and it created the AI product Watson.",1.0,1.0,Tie
Which companies are connected to Elon Musk and what do they do?,"OpenAI (AI), Tesla (EVs), SpaceX (aerospace), X.AI (AI). Elon Musk founded all of them.","The companies connected to Elon Musk are:

1. **X.AI** - Founded in 2023, it works in the field of artificial intelligence and created products such as Grok. It competes with OpenAI.

2. **SpaceX** - Founded in 2002, it operates in aerospace and space exploration, creating products such as Falcon 9, Starship, and Starlink.

3. **OpenAI** - Co-founded by Elon Musk in 2015, it develops AI models like GPT-4 and ChatGPT, working in the field of artificial intelligence.","Elon Musk is connected to the following companies:

1. **OpenAI**: Works in the field of artificial intelligence and has created products like GPT-4 and ChatGPT. Founded in 2015.
2. **Tesla**: Works in the fields of electric vehicles and clean energy, and has created products such as Model S, Model 3, Model X, Model Y, and Autopilot. Founded in 2003.
3. **SpaceX**: Works in aerospace and space exploration, and has created products like Falcon 9, Starship, and Starlink. Founded in 2002.
4. **X.AI**: Works in the field of artificial intelligence and has created the product Grok. Founded in 2023.",0.5,0.5,Tie
What is the connection between Intel and NVIDIA?,Intel competes with NVIDIA in the AI chip market. Both work in semiconductors.,The connection between Intel and NVIDIA is that they both operate in the field of semiconductors and compete with each other in the AI chip market.,The connection between Intel and NVIDIA is that they compete with each other in the field of semiconductors and GPU computing.,1.0,0.5,Flat RAG better - text context sufficient
